[{"id":"2","appId":"1","stageDesc":"testStage2","originalPath":"https:\/\/picsum.photos\/700","order":"1","uptDate":"2018-07-19 16:45:24","regDate":"2018-07-19 16:45:24","questions":[{"id":"3","stageId":"2","imgPath":"https:\/\/picsum.photos\/600","order":"0","uptDate":"2018-07-19 16:46:05","regDate":"2018-07-19 16:46:05","answers":[{"id":"5","questionId":"3","coordX":"0.5","coordY":"0.5","threshold":"0.1"}]},{"id":"4","stageId":"2","imgPath":"https:\/\/picsum.photos\/600","order":"0","uptDate":"2018-07-19 16:46:05","regDate":"2018-07-19 16:46:05","answers":[{"id":"6","questionId":"4","coordX":"0.5","coordY":"0.5","threshold":"0.1"}]}]},{"id":"8","appId":"1","stageDesc":"2","originalPath":"201807300101441396369.jpg","order":"2","uptDate":"2018-07-30 10:02:06","regDate":"2018-07-30 10:01:34","questions":[{"id":"10","stageId":"8","imgPath":"201807300101581078706.jpg","order":"0","uptDate":"2018-07-30 10:01:58","regDate":"2018-07-30 10:01:58","answers":[{"id":"51","questionId":"10","coordX":"0.2935","coordY":"0.2698","threshold":"0.1"}]}]},{"id":"7","appId":"1","stageDesc":"3","originalPath":"201807301230001750628.jpg","order":"3","uptDate":"2018-07-30 09:44:34","regDate":"2018-07-30 09:30:00","questions":[{"id":"8","stageId":"7","imgPath":"201807301232311183156.jpg","order":"0","uptDate":"2018-07-30 09:35:01","regDate":"2018-07-30 09:30:20","answers":[{"id":"42","questionId":"8","coordX":"0.2573","coordY":"0.4201","threshold":"0.1"},{"id":"43","questionId":"8","coordX":"0.6673","coordY":"0.0247","threshold":"0.1"},{"id":"44","questionId":"8","coordX":"0.7419","coordY":"0.7181","threshold":"0.1"}]},{"id":"9","stageId":"7","imgPath":"201807301244141748018.jpg","order":"0","uptDate":"2018-07-30 09:44:14","regDate":"2018-07-30 09:44:14","answers":[{"id":"45","questionId":"9","coordX":"0.1473","coordY":"0.2107","threshold":"0.1"},{"id":"46","questionId":"9","coordX":"0.5027","coordY":"0.8154","threshold":"0.1"},{"id":"47","questionId":"9","coordX":"0.9935","coordY":"0.0887","threshold":"0.1"},{"id":"48","questionId":"9","coordX":"0.6673","coordY":"0.0234","threshold":"0.1"},{"id":"49","questionId":"9","coordX":"0.7335","coordY":"0.7132","threshold":"0.1"},{"id":"50","questionId":"9","coordX":"0.255","coordY":"0.4151","threshold":"0.1"}]}]},{"id":"9","appId":"1","stageDesc":"4","originalPath":"201807300103371981488.jpg","order":"4","uptDate":"2018-07-30 10:03:59","regDate":"2018-07-30 10:03:37","questions":[{"id":"11","stageId":"9","imgPath":"201807300103551231519.jpg","order":"0","uptDate":"2018-07-30 10:03:55","regDate":"2018-07-30 10:03:55","answers":[{"id":"52","questionId":"11","coordX":"0.2904","coordY":"0.6296","threshold":"0.1"},{"id":"53","questionId":"11","coordX":"0.5219","coordY":"0.5113","threshold":"0.1"},{"id":"54","questionId":"11","coordX":"0.2796","coordY":"0.239","threshold":"0.1"}]}]},{"id":"10","appId":"1","stageDesc":"5","originalPath":"201807300104531883206.jpg","order":"5","uptDate":"2018-07-30 10:05:26","regDate":"2018-07-30 10:04:53","questions":[{"id":"12","stageId":"10","imgPath":"201807300105081676990.jpg","order":"0","uptDate":"2018-07-30 10:05:08","regDate":"2018-07-30 10:05:08","answers":[{"id":"55","questionId":"12","coordX":"0.2581","coordY":"0.2181","threshold":"0.1"},{"id":"56","questionId":"12","coordX":"0.6435","coordY":"0.2169","threshold":"0.1"}]},{"id":"13","stageId":"10","imgPath":"201807300105221527434.jpg","order":"0","uptDate":"2018-07-30 10:05:22","regDate":"2018-07-30 10:05:22","answers":[{"id":"57","questionId":"13","coordX":"0.2558","coordY":"0.4188","threshold":"0.1"},{"id":"58","questionId":"13","coordX":"0.7419","coordY":"0.7194","threshold":"0.1"},{"id":"59","questionId":"13","coordX":"0.7658","coordY":"0.0505","threshold":"0.1"}]}]},{"id":"11","appId":"1","stageDesc":"6","originalPath":"201807300115481321916.jpg","order":"6","uptDate":"2018-07-30 10:27:32","regDate":"2018-07-30 10:15:48","questions":[{"id":"17","stageId":"11","imgPath":"201807300127301594018.jpg","order":"0","uptDate":"2018-07-30 10:27:30","regDate":"2018-07-30 10:27:30","answers":[{"id":"74","questionId":"17","coordX":"0.3358","coordY":"0.3499","threshold":"0.1"},{"id":"75","questionId":"17","coordX":"0.685","coordY":"0.5196","threshold":"0.1"},{"id":"76","questionId":"17","coordX":"0.435","coordY":"0.7851","threshold":"0.1"}]}]},{"id":"12","appId":"1","stageDesc":"8","originalPath":"201807300131381503807.jpg","order":"7","uptDate":"2018-07-30 10:31:53","regDate":"2018-07-30 10:31:38","questions":[{"id":"18","stageId":"12","imgPath":"201807300131501597159.jpg","order":"0","uptDate":"2018-07-30 10:31:50","regDate":"2018-07-30 10:31:50","answers":[{"id":"77","questionId":"18","coordX":"0.6788","coordY":"0.523","threshold":"0.1"}]}]},{"id":"13","appId":"1","stageDesc":"9","originalPath":"201807300132041657894.jpg","order":"8","uptDate":"2018-07-30 10:32:25","regDate":"2018-07-30 10:32:04","questions":[{"id":"19","stageId":"13","imgPath":"201807300132221202908.jpg","order":"0","uptDate":"2018-07-30 10:32:22","regDate":"2018-07-30 10:32:22","answers":[{"id":"78","questionId":"19","coordX":"0.7419","coordY":"0.9024","threshold":"0.1"},{"id":"79","questionId":"19","coordX":"0.1242","coordY":"0.1245","threshold":"0.1"}]}]},{"id":"14","appId":"1","stageDesc":"10","originalPath":"201807300132421470862.jpg","order":"9","uptDate":"2018-07-30 10:32:58","regDate":"2018-07-30 10:32:42","questions":[{"id":"20","stageId":"14","imgPath":"201807300132541224213.jpg","order":"0","uptDate":"2018-07-30 10:32:54","regDate":"2018-07-30 10:32:54","answers":[{"id":"80","questionId":"20","coordX":"0.6365","coordY":"0.4506","threshold":"0.1"},{"id":"81","questionId":"20","coordX":"0.0596","coordY":"0.3964","threshold":"0.1"}]}]},{"id":"15","appId":"1","stageDesc":"11","originalPath":"201807300141471397443.jpg","order":"10","uptDate":"2018-07-30 10:42:06","regDate":"2018-07-30 10:41:47","questions":[{"id":"21","stageId":"15","imgPath":"201807300142031018465.jpg","order":"0","uptDate":"2018-07-30 10:42:03","regDate":"2018-07-30 10:42:03","answers":[{"id":"82","questionId":"21","coordX":"0.0904","coordY":"0.121","threshold":"0.1"}]}]},{"id":"16","appId":"1","stageDesc":"12","originalPath":"201807300142171812776.jpg","order":"11","uptDate":"2018-07-30 10:42:42","regDate":"2018-07-30 10:42:17","questions":[{"id":"22","stageId":"16","imgPath":"201807300142391848201.jpg","order":"0","uptDate":"2018-07-30 10:42:39","regDate":"2018-07-30 10:42:39","answers":[{"id":"83","questionId":"22","coordX":"0.4088","coordY":"0.3568","threshold":"0.1"}]}]},{"id":"17","appId":"1","stageDesc":"13","originalPath":"201807300142521296538.jpg","order":"12","uptDate":"2018-07-30 10:43:10","regDate":"2018-07-30 10:42:52","questions":[{"id":"23","stageId":"17","imgPath":"201807300143071766550.jpg","order":"0","uptDate":"2018-07-30 10:43:07","regDate":"2018-07-30 10:43:07","answers":[{"id":"84","questionId":"23","coordX":"0.4065","coordY":"0.3579","threshold":"0.1"}]}]},{"id":"19","appId":"1","stageDesc":"15","originalPath":"201807300222281638000.jpg","order":"14","uptDate":"2018-07-30 11:23:11","regDate":"2018-07-30 11:22:28","questions":[{"id":"25","stageId":"19","imgPath":"201807300223081867042.png","order":"0","uptDate":"2018-07-30 11:23:08","regDate":"2018-07-30 11:23:08","answers":[{"id":"89","questionId":"25","coordX":"0.6665","coordY":"0.3062","threshold":"0.1"},{"id":"90","questionId":"25","coordX":"0.7119","coordY":"0.4085","threshold":"0.1"},{"id":"91","questionId":"25","coordX":"0.835","coordY":"0.8769","threshold":"0.1"},{"id":"92","questionId":"25","coordX":"0.8865","coordY":"0.0216","threshold":"0.1"}]}]},{"id":"20","appId":"1","stageDesc":"16","originalPath":"201807300243261920234.jpg","order":"15","uptDate":"2018-07-30 11:44:11","regDate":"2018-07-30 11:43:26","questions":[{"id":"26","stageId":"20","imgPath":"201807300244071807189.jpg","order":"0","uptDate":"2018-07-30 11:44:07","regDate":"2018-07-30 11:43:55","answers":[{"id":"96","questionId":"26","coordX":"0.4981","coordY":"0.8854","threshold":"0.1"},{"id":"97","questionId":"26","coordX":"0.4958","coordY":"0.3413","threshold":"0.1"},{"id":"98","questionId":"26","coordX":"0.8981","coordY":"0.4441","threshold":"0.1"}]}]},{"id":"21","appId":"1","stageDesc":"17","originalPath":"201807300244251392135.jpg","order":"16","uptDate":"2018-07-30 11:44:44","regDate":"2018-07-30 11:44:25","questions":[{"id":"27","stageId":"21","imgPath":"201807300244411509363.jpg","order":"0","uptDate":"2018-07-30 11:44:41","regDate":"2018-07-30 11:44:41","answers":[{"id":"99","questionId":"27","coordX":"0.7504","coordY":"0.2312","threshold":"0.1"},{"id":"100","questionId":"27","coordX":"0.7427","coordY":"0.3082","threshold":"0.1"},{"id":"101","questionId":"27","coordX":"0.8181","coordY":"0.4192","threshold":"0.1"}]}]},{"id":"22","appId":"1","stageDesc":"18","originalPath":"201807300245211937414.jpg","order":"17","uptDate":"2018-07-30 11:45:39","regDate":"2018-07-30 11:45:03","questions":[{"id":"28","stageId":"22","imgPath":"201807300245361471098.jpg","order":"0","uptDate":"2018-07-30 11:45:36","regDate":"2018-07-30 11:45:36","answers":[{"id":"102","questionId":"28","coordX":"0.4642","coordY":"0.8931","threshold":"0.1"},{"id":"103","questionId":"28","coordX":"0.0696","coordY":"0.0795","threshold":"0.1"}]}]},{"id":"23","appId":"1","stageDesc":"19","originalPath":"201807300246121532939.jpg","order":"18","uptDate":"2018-07-30 11:46:36","regDate":"2018-07-30 11:46:12","questions":[{"id":"29","stageId":"23","imgPath":"201807300246301571026.jpg","order":"0","uptDate":"2018-07-30 11:46:30","regDate":"2018-07-30 11:46:30","answers":[{"id":"104","questionId":"29","coordX":"0.4088","coordY":"0.5897","threshold":"0.1"},{"id":"105","questionId":"29","coordX":"0.6335","coordY":"0.187","threshold":"0.1"},{"id":"106","questionId":"29","coordX":"0.3227","coordY":"0.2723","threshold":"0.1"}]}]},{"id":"24","appId":"1","stageDesc":"20","originalPath":"201807300247591249192.jpg","order":"19","uptDate":"2018-07-30 11:48:16","regDate":"2018-07-30 11:47:59","questions":[{"id":"30","stageId":"24","imgPath":"201807300248141418251.jpg","order":"0","uptDate":"2018-07-30 11:48:14","regDate":"2018-07-30 11:48:14","answers":[{"id":"107","questionId":"30","coordX":"0.7504","coordY":"0.6369","threshold":"0.1"},{"id":"108","questionId":"30","coordX":"0.5242","coordY":"0.0913","threshold":"0.1"},{"id":"109","questionId":"30","coordX":"0.4404","coordY":"0.3764","threshold":"0.1"}]}]},{"id":"25","appId":"1","stageDesc":"21","originalPath":"201807300248471636796.jpg","order":"20","uptDate":"2018-07-30 11:49:06","regDate":"2018-07-30 11:48:47","questions":[{"id":"31","stageId":"25","imgPath":"201807300249031924219.jpg","order":"0","uptDate":"2018-07-30 11:49:03","regDate":"2018-07-30 11:49:03","answers":[{"id":"110","questionId":"31","coordX":"0.475","coordY":"0.6466","threshold":"0.1"},{"id":"111","questionId":"31","coordX":"0.2558","coordY":"0.6269","threshold":"0.1"},{"id":"112","questionId":"31","coordX":"0.6627","coordY":"0.3037","threshold":"0.1"}]}]},{"id":"26","appId":"1","stageDesc":"21","originalPath":"201807300249331586826.jpg","order":"21","uptDate":"2018-07-30 11:49:48","regDate":"2018-07-30 11:49:33","questions":[{"id":"32","stageId":"26","imgPath":"201807300249451289653.jpg","order":"0","uptDate":"2018-07-30 11:49:45","regDate":"2018-07-30 11:49:45","answers":[{"id":"113","questionId":"32","coordX":"0.7773","coordY":"0.6154","threshold":"0.1"}]}]},{"id":"27","appId":"1","stageDesc":"22","originalPath":"201807300250151493799.jpg","order":"22","uptDate":"2018-07-30 11:50:31","regDate":"2018-07-30 11:50:15","questions":[{"id":"33","stageId":"27","imgPath":"201807300250291618002.jpg","order":"0","uptDate":"2018-07-30 11:50:29","regDate":"2018-07-30 11:50:29","answers":[{"id":"114","questionId":"33","coordX":"0.8888","coordY":"0.1352","threshold":"0.1"},{"id":"115","questionId":"33","coordX":"0.1558","coordY":"0.7847","threshold":"0.1"}]}]},{"id":"28","appId":"1","stageDesc":"23","originalPath":"201807300250561428448.jpg","order":"23","uptDate":"2018-07-30 11:51:22","regDate":"2018-07-30 11:50:56","questions":[{"id":"34","stageId":"28","imgPath":"201807300251091205070.jpg","order":"0","uptDate":"2018-07-30 11:51:09","regDate":"2018-07-30 11:51:09","answers":[{"id":"116","questionId":"34","coordX":"0.5188","coordY":"0.2802","threshold":"0.1"}]},{"id":"35","stageId":"28","imgPath":"201807300251191918153.jpg","order":"0","uptDate":"2018-07-30 11:51:19","regDate":"2018-07-30 11:51:19","answers":[{"id":"117","questionId":"35","coordX":"0.1235","coordY":"0.8544","threshold":"0.1"},{"id":"118","questionId":"35","coordX":"0.4665","coordY":"0.6511","threshold":"0.1"}]}]},{"id":"29","appId":"1","stageDesc":"24","originalPath":"201807310717071202839.jpg","order":"24","uptDate":"2018-07-31 16:19:18","regDate":"2018-07-31 16:17:07","questions":[{"id":"36","stageId":"29","imgPath":"201807310717251459608.jpg","order":"0","uptDate":"2018-07-31 16:19:11","regDate":"2018-07-31 16:17:25","answers":[{"id":"119","questionId":"36","coordX":"0.2096","coordY":"0.0419","threshold":"0.1"},{"id":"120","questionId":"36","coordX":"0.7819","coordY":"0.1649","threshold":"0.1"},{"id":"121","questionId":"36","coordX":"0.3904","coordY":"0.1133","threshold":"0.1"},{"id":"122","questionId":"36","coordX":"0.7596","coordY":"0.8812","threshold":"0.1"},{"id":"123","questionId":"36","coordX":"0.5535","coordY":"0.8849","threshold":"0.1"},{"id":"124","questionId":"36","coordX":"0.6073","coordY":"0.2868","threshold":"0.1"}]}]},{"id":"30","appId":"1","stageDesc":"25","originalPath":"201807310803011377816.jpg","order":"25","uptDate":"2018-07-31 17:03:26","regDate":"2018-07-31 17:03:01","questions":[{"id":"37","stageId":"30","imgPath":"201807310803241235267.jpg","order":"0","uptDate":"2018-07-31 17:03:24","regDate":"2018-07-31 17:03:24","answers":[{"id":"125","questionId":"37","coordX":"0.2565","coordY":"0.4237","threshold":"0.1"},{"id":"126","questionId":"37","coordX":"0.665","coordY":"0.021","threshold":"0.1"},{"id":"127","questionId":"37","coordX":"0.7381","coordY":"0.7206","threshold":"0.1"}]}]},{"id":"31","appId":"1","stageDesc":"26","originalPath":"201807310803581857534.png","order":"26","uptDate":"2018-07-31 17:04:15","regDate":"2018-07-31 17:03:58","questions":[{"id":"38","stageId":"31","imgPath":"201807310804121215619.png","order":"0","uptDate":"2018-07-31 17:04:12","regDate":"2018-07-31 17:04:12","answers":[{"id":"128","questionId":"38","coordX":"0.6619","coordY":"0.3","threshold":"0.1"},{"id":"129","questionId":"38","coordX":"0.7065","coordY":"0.4077","threshold":"0.1"}]}]},{"id":"39","appId":"1","stageDesc":"26\u3141","originalPath":"201808010456281168346.jpg","order":"27","uptDate":"2018-08-01 13:58:34","regDate":"2018-08-01 13:56:28","questions":[{"id":"44","stageId":"39","imgPath":"201808010458211258475.jpg","order":"0","uptDate":"2018-08-01 13:58:21","regDate":"2018-08-01 13:58:21","answers":[{"id":"139","questionId":"44","coordX":"0.1465","coordY":"0.638","threshold":"0.1"},{"id":"140","questionId":"44","coordX":"0.2696","coordY":"0.1733","threshold":"0.1"},{"id":"141","questionId":"44","coordX":"0.7573","coordY":"0.3918","threshold":"0.1"},{"id":"142","questionId":"44","coordX":"0.6373","coordY":"0.7857","threshold":"0.1"},{"id":"143","questionId":"44","coordX":"0.9612","coordY":"0.5221","threshold":"0.1"}]}]},{"id":"40","appId":"1","stageDesc":"27","originalPath":"201808010458591597056.jpg","order":"28","uptDate":"2018-08-01 14:00:52","regDate":"2018-08-01 13:58:59","questions":[{"id":"45","stageId":"40","imgPath":"201808010500461609576.jpg","order":"0","uptDate":"2018-08-01 14:00:46","regDate":"2018-08-01 14:00:46","answers":[{"id":"144","questionId":"45","coordX":"0.6496","coordY":"0.3908","threshold":"0.1"},{"id":"145","questionId":"45","coordX":"0.9119","coordY":"0.6872","threshold":"0.1"},{"id":"146","questionId":"45","coordX":"0.1242","coordY":"0.9795","threshold":"0.1"},{"id":"147","questionId":"45","coordX":"0.6481","coordY":"0.1631","threshold":"0.1"},{"id":"148","questionId":"45","coordX":"0.6119","coordY":"0.0739","threshold":"0.1"}]}]},{"id":"41","appId":"1","stageDesc":"28","originalPath":"201808010501061700202.jpg","order":"29","uptDate":"2018-08-01 14:02:04","regDate":"2018-08-01 14:01:06","questions":[{"id":"46","stageId":"41","imgPath":"201808010502011926022.jpg","order":"0","uptDate":"2018-08-01 14:02:01","regDate":"2018-08-01 14:02:01","answers":[{"id":"149","questionId":"46","coordX":"0.0604","coordY":"0.5067","threshold":"0.1"},{"id":"150","questionId":"46","coordX":"0.9212","coordY":"0.4616","threshold":"0.1"},{"id":"151","questionId":"46","coordX":"0.8135","coordY":"0.3785","threshold":"0.1"},{"id":"152","questionId":"46","coordX":"0.2488","coordY":"0.5169","threshold":"0.1"},{"id":"153","questionId":"46","coordX":"0.9612","coordY":"0.0841","threshold":"0.1"}]}]},{"id":"42","appId":"1","stageDesc":"29","originalPath":"201808010502271189633.jpg","order":"30","uptDate":"2018-08-01 14:05:00","regDate":"2018-08-01 14:02:27","questions":[{"id":"47","stageId":"42","imgPath":"201808010504571038879.jpg","order":"0","uptDate":"2018-08-01 14:04:57","regDate":"2018-08-01 14:04:57","answers":[{"id":"154","questionId":"47","coordX":"0.5396","coordY":"0.2091","threshold":"0.1"},{"id":"155","questionId":"47","coordX":"0.9781","coordY":"0.7586","threshold":"0.1"},{"id":"156","questionId":"47","coordX":"0.7735","coordY":"0.736","threshold":"0.1"},{"id":"157","questionId":"47","coordX":"0.2965","coordY":"0.5546","threshold":"0.1"},{"id":"158","questionId":"47","coordX":"0.1596","coordY":"0.9206","threshold":"0.1"}]}]},{"id":"43","appId":"1","stageDesc":"30","originalPath":"201808010505141372138.jpg","order":"31","uptDate":"2018-08-01 14:06:05","regDate":"2018-08-01 14:05:14","questions":[{"id":"48","stageId":"43","imgPath":"201808010506031974097.jpg","order":"0","uptDate":"2018-08-01 14:06:03","regDate":"2018-08-01 14:06:03","answers":[{"id":"159","questionId":"48","coordX":"0.0519","coordY":"0.9479","threshold":"0.1"},{"id":"160","questionId":"48","coordX":"0.725","coordY":"0.6702","threshold":"0.1"},{"id":"161","questionId":"48","coordX":"0.9088","coordY":"0.8669","threshold":"0.1"},{"id":"162","questionId":"48","coordX":"0.1842","coordY":"0.3208","threshold":"0.1"},{"id":"163","questionId":"48","coordX":"0.0627","coordY":"0.3167","threshold":"0.1"}]}]},{"id":"44","appId":"1","stageDesc":"31","originalPath":"201808010506211928304.jpg","order":"32","uptDate":"2018-08-01 14:07:17","regDate":"2018-08-01 14:06:21","questions":[{"id":"49","stageId":"44","imgPath":"201808010507141253231.jpg","order":"0","uptDate":"2018-08-01 14:07:14","regDate":"2018-08-01 14:07:14","answers":[{"id":"164","questionId":"49","coordX":"0.1258","coordY":"0.3375","threshold":"0.1"},{"id":"165","questionId":"49","coordX":"0.6035","coordY":"0.3508","threshold":"0.1"},{"id":"166","questionId":"49","coordX":"0.0573","coordY":"0.8923","threshold":"0.1"},{"id":"167","questionId":"49","coordX":"0.1265","coordY":"0.7344","threshold":"0.1"},{"id":"168","questionId":"49","coordX":"0.3058","coordY":"0.718","threshold":"0.1"}]}]},{"id":"45","appId":"1","stageDesc":"32","originalPath":"201808010507271991374.jpg","order":"33","uptDate":"2018-08-01 14:09:12","regDate":"2018-08-01 14:07:27","questions":[{"id":"50","stageId":"45","imgPath":"201808010509091649716.jpg","order":"0","uptDate":"2018-08-01 14:09:09","regDate":"2018-08-01 14:09:09","answers":[{"id":"169","questionId":"50","coordX":"0.7512","coordY":"0.2174","threshold":"0.1"},{"id":"170","questionId":"50","coordX":"0.8612","coordY":"0.4347","threshold":"0.1"},{"id":"171","questionId":"50","coordX":"0.5304","coordY":"0.7094","threshold":"0.1"},{"id":"172","questionId":"50","coordX":"0.3904","coordY":"0.7976","threshold":"0.1"},{"id":"173","questionId":"50","coordX":"0.2073","coordY":"0.6961","threshold":"0.1"}]}]},{"id":"46","appId":"1","stageDesc":"33","originalPath":"201808010509301051803.jpg","order":"34","uptDate":"2018-08-01 15:58:53","regDate":"2018-08-01 14:09:30","questions":[{"id":"51","stageId":"46","imgPath":"201808010510221983244.jpg","order":"0","uptDate":"2018-08-01 15:58:47","regDate":"2018-08-01 14:10:22","answers":[{"id":"199","questionId":"51","coordX":"0.5527","coordY":"0.3036","threshold":"0.1"},{"id":"200","questionId":"51","coordX":"0.7812","coordY":"0.4605","threshold":"0.1"},{"id":"201","questionId":"51","coordX":"0.9181","coordY":"0.7528","threshold":"0.1"},{"id":"202","questionId":"51","coordX":"0.1742","coordY":"0.5877","threshold":"0.1"},{"id":"203","questionId":"51","coordX":"0.6719","coordY":"0.1477","threshold":"0.1"}]}]},{"id":"47","appId":"1","stageDesc":"34","originalPath":"201808010510381284490.jpg","order":"35","uptDate":"2018-08-01 14:11:34","regDate":"2018-08-01 14:10:38","questions":[{"id":"52","stageId":"47","imgPath":"201808010511321352108.jpg","order":"0","uptDate":"2018-08-01 14:11:32","regDate":"2018-08-01 14:11:32","answers":[{"id":"179","questionId":"52","coordX":"0.2704","coordY":"0.4613","threshold":"0.1"},{"id":"180","questionId":"52","coordX":"0.355","coordY":"0.1927","threshold":"0.1"},{"id":"181","questionId":"52","coordX":"0.6165","coordY":"0.0513","threshold":"0.1"},{"id":"182","questionId":"52","coordX":"0.5888","coordY":"0.8632","threshold":"0.1"},{"id":"183","questionId":"52","coordX":"0.1696","coordY":"0.1333","threshold":"0.1"}]}]},{"id":"48","appId":"1","stageDesc":"35","originalPath":"201808010512021635681.jpg","order":"36","uptDate":"2018-08-01 14:13:08","regDate":"2018-08-01 14:12:02","questions":[{"id":"53","stageId":"48","imgPath":"201808010513041405196.jpg","order":"0","uptDate":"2018-08-01 14:13:04","regDate":"2018-08-01 14:13:04","answers":[{"id":"184","questionId":"53","coordX":"0.115","coordY":"0.4121","threshold":"0.1"},{"id":"185","questionId":"53","coordX":"0.3119","coordY":"0.4644","threshold":"0.1"},{"id":"186","questionId":"53","coordX":"0.1242","coordY":"0.8489","threshold":"0.1"},{"id":"187","questionId":"53","coordX":"0.5827","coordY":"0.3968","threshold":"0.1"},{"id":"188","questionId":"53","coordX":"0.9812","coordY":"0.285","threshold":"0.1"}]}]},{"id":"49","appId":"1","stageDesc":"36","originalPath":"201808010513221919709.jpg","order":"37","uptDate":"2018-08-01 14:14:41","regDate":"2018-08-01 14:13:22","questions":[{"id":"54","stageId":"49","imgPath":"201808010514381396529.jpg","order":"0","uptDate":"2018-08-01 14:14:38","regDate":"2018-08-01 14:14:38","answers":[{"id":"189","questionId":"54","coordX":"0.4404","coordY":"0.9258","threshold":"0.1"},{"id":"190","questionId":"54","coordX":"0.8512","coordY":"0.6479","threshold":"0.1"},{"id":"191","questionId":"54","coordX":"0.9027","coordY":"0.2071","threshold":"0.1"},{"id":"192","questionId":"54","coordX":"0.0558","coordY":"0.5177","threshold":"0.1"},{"id":"193","questionId":"54","coordX":"0.9281","coordY":"0.7013","threshold":"0.1"}]}]},{"id":"50","appId":"1","stageDesc":"37","originalPath":"201808030640021110127.jpg","order":"38","uptDate":"2018-08-03 15:40:15","regDate":"2018-08-01 14:14:56","questions":[{"id":"55","stageId":"50","imgPath":"201808010516361968944.jpg","order":"0","uptDate":"2018-08-01 14:16:36","regDate":"2018-08-01 14:16:36","answers":[{"id":"194","questionId":"55","coordX":"0.3181","coordY":"0.2677","threshold":"0.1"},{"id":"195","questionId":"55","coordX":"0.3012","coordY":"0.8103","threshold":"0.1"},{"id":"196","questionId":"55","coordX":"0.4927","coordY":"0.8626","threshold":"0.1"},{"id":"197","questionId":"55","coordX":"0.1219","coordY":"0.7364","threshold":"0.1"},{"id":"198","questionId":"55","coordX":"0.8873","coordY":"0.5375","threshold":"0.1"}]}]}]