[{"id":"34","appId":"8","stageDesc":"testStage","originalPath":"201808010241101542354.png","order":"1","uptDate":"2018-08-01 11:41:10","regDate":"2018-08-01 11:41:10","questions":[{"id":"41","stageId":"34","imgPath":"201808010241401896199.jpg","order":"0","uptDate":"2018-08-01 11:41:40","regDate":"2018-08-01 11:41:40","answers":[{"id":"133","questionId":"41","coordX":"0.2427","coordY":"0.8146","threshold":"0.1"},{"id":"134","questionId":"41","coordX":"0.2991","coordY":"0.7811","threshold":"0.1"},{"id":"135","questionId":"41","coordX":"0.42","coordY":"0.9018","threshold":"0.1"}]}]}]