[{"id":"6","appId":"3","stageDesc":"testStage1","originalPath":"201807260419341472015.png","order":"1","uptDate":"2018-07-27 01:19:34","regDate":"2018-07-27 01:19:34","questions":[{"id":"7","stageId":"6","imgPath":"201807260455481696419.jpg","order":"0","uptDate":"2018-07-27 01:55:48","regDate":"2018-07-27 01:55:48","answers":[{"id":"33","questionId":"7","coordX":"0.0918","coordY":"0.4327","threshold":"0.1"},{"id":"34","questionId":"7","coordX":"0.1811","coordY":"0.3592","threshold":"0.1"},{"id":"35","questionId":"7","coordX":"0.3469","coordY":"0.6082","threshold":"0.1"},{"id":"36","questionId":"7","coordX":"0.574","coordY":"0.2776","threshold":"0.1"},{"id":"37","questionId":"7","coordX":"0.7066","coordY":"0.7102","threshold":"0.1"},{"id":"38","questionId":"7","coordX":"0.9311","coordY":"0.1347","threshold":"0.1"}]}]},{"id":"52","appId":"3","stageDesc":"2","originalPath":"201808030624001113852.jpg","order":"2","uptDate":"2018-08-03 15:24:17","regDate":"2018-08-03 15:24:00","questions":[{"id":"56","stageId":"52","imgPath":"201808030624151768785.jpg","order":"0","uptDate":"2018-08-03 15:24:15","regDate":"2018-08-03 15:24:15","answers":[{"id":"204","questionId":"56","coordX":"0.2535","coordY":"0.4151","threshold":"0.1"},{"id":"205","questionId":"56","coordX":"0.7388","coordY":"0.7058","threshold":"0.1"},{"id":"206","questionId":"56","coordX":"0.7673","coordY":"0.0444","threshold":"0.1"}]}]},{"id":"53","appId":"3","stageDesc":"3","originalPath":"201808030637351441875.jpg","order":"3","uptDate":"2018-08-03 15:38:02","regDate":"2018-08-03 15:37:35","questions":[{"id":"57","stageId":"53","imgPath":"201808030637591544152.jpg","order":"0","uptDate":"2018-08-03 15:37:59","regDate":"2018-08-03 15:37:59","answers":[{"id":"207","questionId":"57","coordX":"0.1488","coordY":"0.6328","threshold":"0.1"},{"id":"208","questionId":"57","coordX":"0.6296","coordY":"0.7959","threshold":"0.1"},{"id":"209","questionId":"57","coordX":"0.7535","coordY":"0.3887","threshold":"0.1"},{"id":"210","questionId":"57","coordX":"0.2373","coordY":"0.1651","threshold":"0.1"}]}]}]